Name,Fun
Sophia,5
Emma,5
Olivia,5
Isabella,5
Ava,5
Lily,5
Zoe,5
Chloe,5
Mia,5
Madison,5
Emily,5
Ella,5
Madelyn,5
Abigail,5
Aubrey,5
Addison,5
Avery,5
Layla,5
Hailey,5
Amelia,5
Hannah,5
Charlotte,5
Kaitlyn,5
Harper,5
Kaylee,5
Sophie,5
Mackenzie,5
Peyton,5
Riley,5
Grace,5
Brooklyn,5
Sarah,5
Aaliyah,5
Anna,5
Arianna,5
Ellie,5
Natalie,5
Isabelle,5
Lillian,5
Evelyn,5
Elizabeth,5
Lyla,5
Lucy,5
Claire,5
Makayla,5
Kylie,5
Audrey,5
Maya,5
Leah,5
Gabriella,5
Aiden,5
Jackson,5
Ethan,5
Liam,5
Mason,5
Noah,5
Lucas,5
Jacob,5
Jayden,5
Jack,5
Logan,5
Ryan,5
Caleb,5
Benjamin,5
William,5
Michael,5
Alexander,5
Elijah,5
Matthew,5
Dylan,5
James,5
Owen,5
Connor,5
Brayden,5
Carter,5
Landon,5
Joshua,5
Luke,5
Daniel,5
Gabriel,5
Nicholas,5
Nathan,5
Oliver,5
Henry,5
Andrew,5
Gavin,5
Cameron,5
Eli,5
Max,5
Isaac,5
Evan,5
Samuel,5
Grayson,5
Tyler,5
Zachary,5
Wyatt,5
Joseph,5
Charlie,5
Hunter,5
David,5
